<?xml version="1.0" encoding="UTF-8"?>
<project-private xmlns="http://www.netbeans.org/ns/project-private/1">
    <editor-bookmarks xmlns="http://www.netbeans.org/ns/editor-bookmarks/2" lastBookmarkId="0"/>
    <open-files xmlns="http://www.netbeans.org/ns/projectui-open-files/2">
        <group>
            <file>file:/C:/Users/MANH%20VINH/OneDrive/Documents/WebAppProject/SWP_project/src/java/Controllers/VerifyServlet.java</file>
            <file>file:/C:/Users/MANH%20VINH/OneDrive/Documents/WebAppProject/SWP_project/web/Views/verification.jsp</file>
            <file>file:/C:/Users/MANH%20VINH/OneDrive/Documents/WebAppProject/SWP_project/web/Views/signup.jsp</file>
            <file>file:/C:/Users/MANH%20VINH/OneDrive/Documents/WebAppProject/SWP_project/src/java/Controllers/SignUpCustomer.java</file>
            <file>file:/C:/Users/MANH%20VINH/OneDrive/Documents/WebAppProject/SWP_project/web/WEB-INF/web.xml</file>
        </group>
    </open-files>
</project-private>
